Type,Is,A,Temporary,Title
Smart Chaser SC1
Sport Chaser SC2
All Season AS2
Atrezzo Elite
ZV7
SP Sport BluResponse
Turanza T005
Turanza T005
EfficientGrip Performance 2
Primacy 4+
ContiEcoContact 6
Roadhawk
ZV7
Ventus Prime 3 K125
Kinergy Eco 2 K435
ZV7
BluEarth ES32
BluEarth ES32
Ventus Prime 4 K135
RainSport 5
RainSport 5
Kinergy 435 Eco2
Ventus Prime 4 K135
BluEarth AE51
AS7
Ventus Prime 3 K125
Ventus Prime 4 K135
Kinergy 4S2 H750
BluEarth AE51
C.Drive AC02
C.Drive AC02
Advan Sport V105
Ventus Prime 2 K115
RainSport 5
AllSeasonExpert 2
Kinergy 4S2 H750
Atrezzo 4 Seasons
Advan dB V552
Advan Sport V105
Advan Fleva V701
Decibel E70J
Decibel E70J
Advan Sport V103
BluEarth-4S AW21
BluEarth AE51
AS7
Multiseason 2
Winter Expert
ZV7
V906 BluEarth Winter
RainSport 3
Ventus Prime 3 K125
Ventus Prime 3 K125
Ventus Prime 4 K135
Ventus Prime 4 K135
Ventus Prime 3 K125
V906 BluEarth Winter
Ventus Prime 3 K125
Ventus Prime 3 K125
BluEarth-4S AW21
i*Cept Evo2 W320
Advan Neova AD08RS
Kinergy 4S2 H750
A008P
Cinturato P7 P7C2
SP Sport BluResponse
Turanza T005
SP Sport BluResponse
SP Sport BluResponse
EfficientGrip Performance 2
Sport Maxx RT
Vector 4Seasons Gen 3
Cinturato P1 Verde
Weather Control A005 EVO
Turanza T005
Cinturato P7
Turanza ER300
Vector 4Seasons Gen 3
Sport Maxx RT
EfficientGrip
ContiEcoContact 5
Turanza ER300A
Cinturato All Season SF 2
AllSeasonContact
ContiSportContact 2
Weather Control A005 EVO
EfficientGrip Performance 2
EfficientGrip Performance 2
PremiumContact 6
ContiPremiumContact 2
ContiEcoContact 5
ContiEcoContact 5
Cinturato P7
Turanza ER300
Turanza T005
ContiEcoContact 5
ContiPremiumContact 5
EfficientGrip Performance
Vector 4Seasons Gen-2
UltraContact
ContiEcoContact 6
UltraContact
Turanza T005
AllSeasonContact
AllSeasonContact
EfficientGrip Performance
EfficientGrip Performance
EfficientGrip Performance
Turanza T001
Turanza T005
Turanza ER300
EfficientGrip Performance
Vector 4Seasons
Turanza ER300A
ContiEcoContact 6
Winter Sport 5
EfficientGrip
UltraContact
WinterContact TS870
ContiPremiumContact
Turanza T005
ContiEcoContact 6
Weather Control A005 Driveguard EVO
Turanza T005
Vector 4Seasons Gen-2
UltraGrip 9
Cinturato Winter 2
WinterContact TS 860
Winter 210 SnowControl Serie 3
CrossClimate 2
CrossClimate 2
Primacy 4+
CrossClimate 2
Primacy 4
ePrimacy
Primacy 4+
Primacy 3
CrossClimate 2
ePrimacy
Primacy 4
Pilot Sport 4
CrossClimate
Primacy 4+
